id,danceability
17170,6
17171,6
17172,6
17173,4
17174,6
17175,6
17176,6
17177,3
17178,7
17179,4
17180,5
17181,6
17182,5
17183,6
17184,5
17185,5
17186,5
17187,2
17188,4
17189,5
17190,7
17191,5
17192,7
17193,7
17194,5
17195,8
17196,8
17197,7
17198,8
17199,5
17200,5
17201,3
17202,1
17203,1
17204,5
17205,4
17206,5
17207,1
17208,2
17209,2
17210,4
17211,4
17212,1
17213,7
17214,7
17215,6
17216,6
17217,7
17218,6
17219,7
17220,6
17221,3
17222,6
17223,5
17224,4
17225,3
17226,5
17227,5
17228,5
17229,5
17230,3
17231,4
17232,5
17233,3
17234,2
17235,3
17236,2
17237,2
17238,1
17239,4
17240,0
17241,1
17242,1
17243,4
17244,1
17245,4
17246,5
17247,7
17248,4
17249,5
17250,1
17251,4
17252,3
17253,4
17254,7
17255,7
17256,5
17257,8
17258,5
17259,5
17260,6
17261,5
17262,8
17263,9
17264,5
17265,6
17266,4
17267,6
17268,8
17269,5
17270,8
17271,8
17272,7
17273,7
17274,7
17275,8
17276,6
17277,4
17278,6
17279,6
17280,5
17281,6
17282,2
17283,6
17284,8
17285,8
17286,5
17287,3
17288,7
17289,5
17290,6
17291,5
17292,6
17293,5
17294,8
17295,9
17296,8
17297,7
17298,6
17299,9
17300,5
17301,7
17302,8
17303,1
17304,8
17305,3
17306,6
17307,4
17308,3
17309,7
17310,6
17311,7
17312,6
17313,7
17314,8
17315,7
17316,7
17317,7
17318,6
17319,6
17320,8
17321,6
17322,3
17323,6
17324,4
17325,1
17326,4
17327,4
17328,2
17329,6
17330,4
17331,5
17332,4
17333,3
17334,4
17335,6
17336,7
17337,5
17338,7
17339,7
17340,7
17341,2
17342,4
17343,2
17344,2
17345,4
17346,7
17347,4
17348,6
17349,3
17350,8
17351,3
17352,7
17353,6
17354,8
17355,5
17356,6
17357,7
17358,7
17359,8
17360,7
17361,6
17362,5
17363,8
17364,6
17365,6
17366,5
17367,6
17368,7
17369,7
17370,9
17371,7
17372,4
17373,6
17374,5
17375,5
17376,4
17377,0
17378,3
17379,8
17380,6
17381,7
17382,7
17383,7
17384,9
17385,5
17386,6
17387,6
17388,7
17389,7
17390,7
17391,3
17392,8
17393,6
17394,6
17395,6
17396,8
17397,6
17398,5
17399,4
17400,4
17401,2
17402,6
17403,2
17404,5
17405,6
17406,2
17407,5
17408,4
17409,5
17410,5
17411,6
17412,3
17413,7
17414,5
17415,5
17416,6
17417,8
17418,6
17419,8
17420,5
17421,8
17422,4
17423,1
17424,7
17425,7
17426,4
17427,4
17428,2
17429,4
17430,5
17431,6
17432,6
17433,4
17434,5
17435,5
17436,4
17437,1
17438,7
17439,3
17440,1
17441,4
17442,2
17443,3
17444,4
17445,5
17446,2
17447,6
17448,0
17449,7
17450,8
17451,8
17452,7
17453,8
17454,8
17455,6
17456,7
17457,6
17458,7
17459,9
17460,4
17461,6
17462,4
17463,3
17464,7
17465,3
17466,4
17467,3
17468,4
17469,3
17470,3
17471,8
17472,4
17473,4
17474,4
17475,3
17476,6
17477,5
17478,7
17479,5
17480,5
17481,3
17482,5
17483,8
17484,8
17485,9
17486,8
17487,6
17488,7
17489,3
17490,5
17491,5
17492,5
17493,7
17494,5
17495,3
17496,6
17497,5
17498,6
17499,6
17500,3
17501,4
17502,5
17503,3
17504,3
17505,1
17506,2
17507,3
17508,4
17509,6
17510,7
17511,4
17512,6
17513,5
17514,6
17515,6
17516,3
17517,4
17518,6
17519,8
17520,4
17521,8
17522,7
17523,6
17524,6
17525,8
17526,7
17527,5
17528,4
17529,6
17530,4
17531,8
17532,3
17533,3
17534,7
17535,5
17536,3
17537,5
17538,5
17539,6
17540,7
17541,7
17542,1
17543,5
17544,4
17545,4
17546,4
17547,7
17548,6
17549,4
17550,6
17551,8
17552,4
17553,6
17554,8
17555,6
17556,6
17557,5
17558,8
17559,9
17560,8
17561,8
17562,3
17563,0
17564,5
17565,5
17566,6
17567,1
17568,5
17569,1
17570,2
17571,6
17572,6
17573,5
17574,3
17575,3
17576,1
17577,7
17578,6
17579,7
17580,8
17581,7
17582,7
17583,5
17584,6
17585,6
17586,6
17587,5
17588,4
17589,6
17590,9
17591,8
17592,7
17593,5
17594,5
17595,8
17596,4
17597,3
17598,4
17599,5
17600,2
17601,6
17602,7
17603,3
17604,2
17605,2
17606,0
17607,5
17608,7
17609,8
17610,1
17611,5
17612,4
17613,7
17614,0
17615,1
17616,5
17617,4
17618,2
17619,2
17620,4
17621,1
17622,7
17623,2
17624,5
17625,4
17626,8
17627,3
17628,3
17629,2
17630,7
17631,2
17632,3
17633,1
17634,4
17635,4
17636,5
17637,1
17638,3
17639,5
17640,5
17641,1
17642,5
17643,4
17644,4
17645,3
17646,4
17647,2
17648,4
17649,0
17650,6
17651,3
17652,3
17653,5
17654,1
17655,2
17656,4
17657,1
17658,1
17659,1
17660,1
17661,0
17662,0
17663,1
17664,1
17665,0
17666,0
17667,5
17668,3
17669,3
17670,3
17671,1
17672,5
17673,4
17674,2
17675,2
17676,7
17677,2
17678,2
17679,2
17680,2
17681,7
17682,7
17683,4
17684,3
17685,4
17686,4
17687,2
17688,4
17689,4
17690,4
17691,5
17692,1
17693,2
17694,4
17695,4
17696,3
17697,0
17698,1
17699,3
17700,0
17701,4
17702,5
17703,6
17704,4
17705,6
17706,4
17707,4
17708,7
17709,5
17710,4
17711,1
17712,5
17713,3
17714,2
17715,0
17716,3
17717,0
17718,3
17719,4
17720,2
17721,1
17722,0
17723,1
17724,0
17725,3
17726,4
17727,1
17728,2
17729,3
17730,3
17731,1
17732,3
17733,2
17734,6
17735,4
17736,5
17737,3
17738,3
17739,2
17740,3
17741,1
17742,8
17743,8
17744,3
17745,5
17746,3
17747,4
17748,3
17749,2
17750,6
17751,2
17752,4
17753,5
17754,5
17755,5
17756,6
17757,5
17758,7
17759,2
17760,0
17761,4
17762,2
17763,5
17764,2
17765,7
17766,6
17767,6
17768,6
17769,2
17770,4
17771,5
17772,6
17773,7
17774,6
17775,6
17776,7
17777,4
17778,6
17779,9
17780,5
17781,6
17782,3
17783,8
17784,6
17785,3
17786,6
17787,0
17788,4
17789,5
17790,3
17791,5
17792,4
17793,5
17794,3
17795,9
17796,6
17797,9
17798,8
17799,3
17800,6
17801,3
17802,9
17803,8
17804,8
17805,5
17806,6
17807,1
17808,1
17809,9
17810,5
17811,3
17812,5
17813,5
17814,5
17815,4
17816,5
17817,3
17818,5
17819,7
17820,7
17821,3
17822,4
17823,7
17824,3
17825,7
17826,3
17827,7
17828,5
17829,7
17830,2
17831,6
17832,6
17833,2
17834,4
17835,6
17836,3
17837,1
17838,5
17839,2
17840,3
17841,6
17842,6
17843,5
17844,5
17845,6
17846,6
17847,5
17848,6
17849,8
17850,8
17851,5
17852,5
17853,6
17854,6
17855,4
17856,6
17857,7
17858,5
17859,7
17860,8
17861,5
17862,5
17863,4
17864,5
17865,6
17866,6
17867,4
17868,4
17869,6
17870,5
17871,0
17872,6
17873,4
17874,4
17875,1
17876,3
17877,6
17878,6
17879,4
17880,2
17881,2
17882,3
17883,3
17884,8
17885,4
17886,3
17887,4
17888,7
17889,6
17890,6
17891,5
17892,3
17893,3
17894,6
17895,7
17896,9
17897,6
17898,9
17899,3
17900,7
17901,8
17902,7
17903,7
17904,4
17905,8
17906,5
17907,7
17908,3
17909,4
17910,5
17911,3
17912,3
17913,5
17914,1
17915,7
17916,3
17917,5
17918,5
17919,3
17920,3
17921,1
17922,2
17923,5
17924,5
17925,2
17926,2
17927,6
17928,2
17929,4
17930,2
17931,3
17932,6
17933,7
17934,6
17935,6
17936,7
17937,6
17938,5
17939,4
17940,2
17941,8
17942,8
17943,5
17944,3
17945,4
17946,5
17947,5
17948,4
17949,3
17950,2
17951,4
17952,7
17953,1
17954,5
17955,7
17956,7
17957,3
17958,7
17959,6
17960,4
17961,5
17962,4
17963,7
17964,7
17965,7
17966,6
17967,5
17968,7
17969,6
17970,6
17971,5
17972,5
17973,7
17974,7
17975,6
17976,8
17977,6
17978,7
17979,4
17980,6
17981,6
17982,2
17983,7
17984,7
17985,7
17986,6
17987,7
17988,5
17989,6
17990,8
17991,8
17992,6
17993,7
17994,4
17995,4
17996,7
17997,6
17998,8
17999,7
18000,7
18001,8
18002,4
18003,5
18004,4
18005,2
18006,2
18007,4
18008,7
18009,4
18010,4
18011,4
18012,1
18013,6
18014,3
18015,5
18016,1
18017,5
18018,3
18019,6
18020,7
18021,5
18022,6
18023,4
18024,5
18025,7
18026,6
18027,7
18028,6
18029,1
18030,0
18031,2
18032,2
18033,0
18034,1
18035,0
18036,1
18037,0
18038,6
18039,7
18040,3
18041,8
18042,4
18043,4
18044,6
18045,4
18046,4
18047,6
18048,5
18049,2
18050,4
18051,3
18052,3
18053,6
18054,2
18055,6
18056,4
18057,6
18058,7
18059,2
18060,5
18061,3
18062,3
18063,5
18064,1
18065,6
18066,7
18067,8
18068,7
18069,5
18070,2
18071,7
18072,5
18073,5
18074,8
18075,6
18076,4
18077,6
18078,6
18079,3
18080,3
18081,7
18082,5
18083,4
18084,8
18085,8
18086,8
18087,5
18088,6
18089,5
18090,4
18091,4
18092,3
18093,1
18094,4
18095,4
18096,4
18097,3
18098,5
18099,4
18100,1
18101,4
18102,5
18103,4
18104,6
18105,5
18106,4
18107,3
18108,1
18109,5
18110,4
18111,3
18112,5
18113,5
18114,7
18115,2
18116,6
18117,6
18118,7
18119,5
18120,5
18121,4
18122,3
18123,2
18124,7
18125,6
18126,0
18127,5
18128,6
18129,3
18130,6
18131,2
18132,4
18133,3
18134,2
18135,1
18136,4
18137,6
18138,6
18139,6
18140,2
18141,6
18142,2
18143,5
18144,4
18145,6
18146,4
18147,3
18148,3
18149,2
18150,7
18151,6
18152,7
18153,3
18154,5
18155,5
18156,3
18157,4
18158,1
18159,6
18160,8
18161,5
18162,7
18163,6
18164,2
18165,7
18166,4
18167,7
18168,4
18169,5
18170,7
18171,7
18172,7
18173,6
18174,8
18175,7
18176,7
18177,5
18178,5
18179,4
18180,7
18181,6
18182,7
18183,5
18184,5
18185,6
18186,4
18187,5
18188,5
18189,0
18190,2
18191,3
18192,7
18193,3
18194,1
18195,5
18196,5
18197,2
18198,0
18199,1
18200,2
18201,0
18202,0
18203,0
18204,0
18205,0
18206,4
18207,2
18208,4
18209,0
18210,5
18211,6
18212,9
18213,6
18214,7
18215,3
18216,5
18217,6
18218,6
18219,6
18220,6
18221,1
18222,7
18223,7
18224,8
18225,3
18226,6
18227,5
18228,6
18229,8
18230,3
18231,4
18232,4
18233,3
18234,4
18235,5
18236,5
18237,4
18238,4
18239,6
18240,6
18241,3
18242,4
18243,5
18244,2
18245,5
18246,5
18247,3
18248,8
18249,6
18250,6
18251,3
18252,8
18253,4
18254,5
18255,4
18256,4
18257,3
18258,0
18259,7
18260,6
18261,5
18262,1
18263,2
18264,1
18265,4
18266,1
18267,1
18268,2
18269,6
18270,6
18271,3
18272,5
18273,4
18274,4
18275,7
18276,4
18277,6
18278,4
18279,5
18280,7
18281,5
18282,5
18283,8
18284,3
18285,7
18286,3
18287,6
18288,5
18289,6
18290,5
18291,9
18292,7
18293,5
18294,4
18295,4
18296,2
18297,6
18298,2
18299,4
18300,5
18301,4
18302,4
18303,3
18304,6
18305,5
18306,5
18307,1
18308,8
18309,5
18310,7
18311,7
18312,6
18313,6
18314,3
18315,6
18316,5
18317,4
18318,0
18319,1
18320,1
18321,3
18322,1
18323,6
18324,0
18325,5
18326,7
18327,9
18328,3
18329,8
18330,2
18331,6
18332,4
18333,3
18334,2
18335,3
18336,3
18337,4
18338,2
18339,2
18340,3
18341,4
18342,3
18343,5
18344,3
18345,3
18346,3
18347,3
18348,4
18349,2
18350,5
18351,6
18352,7
18353,8
18354,5
18355,5
18356,5
18357,4
18358,8
18359,5
18360,8
18361,0
18362,4
18363,5
18364,7
18365,3
18366,6
18367,1
18368,5
18369,4
18370,4
18371,6
18372,0
18373,7
18374,9
18375,8
18376,6
18377,5
18378,6
18379,6
18380,3
18381,5
18382,8
18383,7
18384,6
18385,5
18386,8
18387,6
18388,7
18389,5
18390,8
18391,0
18392,3
18393,1
18394,4
18395,0
18396,3
18397,1
18398,0
18399,3
18400,7
18401,0
18402,1
18403,5
18404,1
18405,3
18406,3
18407,3
18408,6
18409,5
18410,8
18411,3
18412,5
18413,6
18414,4
18415,5
18416,7
18417,4
18418,0
18419,0
18420,0
18421,1
18422,1
18423,1
18424,0
18425,0
18426,0
18427,1
18428,1
18429,4
18430,7
18431,3
18432,3
18433,5
18434,3
18435,3
18436,1
18437,3
18438,2
18439,3
18440,0
18441,5
18442,3
18443,4
18444,2
18445,2
18446,8
18447,7
18448,8
18449,6
18450,5
18451,4
18452,3
18453,6
18454,5
18455,4
18456,6
18457,4
18458,7
18459,3
18460,3
18461,7
18462,6
18463,4
18464,7
18465,4
18466,2
18467,2
18468,3
18469,4
18470,4
18471,3
18472,5
18473,4
18474,4
18475,0
18476,2
18477,3
18478,3
18479,3
18480,7
18481,7
18482,3
18483,6
18484,7
18485,8
18486,4
18487,1
18488,4
18489,4
18490,3
18491,3
18492,5
18493,2
18494,8
18495,5
18496,6
18497,4
18498,3
18499,6
18500,4
18501,4
18502,5
18503,3
18504,4
18505,6
18506,6
18507,4
18508,7
18509,7
18510,7
18511,6
18512,6
18513,6
18514,7
18515,1
18516,4
18517,3
18518,4
18519,4
18520,7
18521,6
18522,1
18523,6
18524,3
18525,1
18526,3
18527,2
18528,3
18529,5
18530,3
18531,4
18532,6
18533,5
18534,3
18535,3
18536,5
18537,1
18538,9
18539,6
18540,2
18541,4
18542,2
18543,6
18544,5
18545,2
18546,3
18547,6
18548,3
18549,3
18550,4
18551,1
18552,2
18553,3
18554,2
18555,2
18556,3
18557,2
18558,4
18559,4
18560,6
18561,1
18562,7
18563,4
18564,5
18565,2
18566,7
18567,4
18568,7
18569,4
18570,9
18571,5
18572,5
18573,6
18574,5
18575,5
18576,3
18577,4
18578,4
18579,7
18580,6
18581,1
18582,2
18583,4
18584,3
18585,4
18586,2
18587,4
18588,5
18589,2
18590,2
18591,4
18592,1
18593,5
18594,1
18595,3
18596,0
18597,1
18598,3
18599,1
18600,2
18601,4
18602,5
18603,3
18604,7
18605,7
18606,6
18607,4
18608,7
18609,3
18610,5
18611,2
18612,5
18613,2
18614,6
18615,3
18616,1
18617,5
18618,4
18619,4
18620,2
18621,4
18622,1
18623,6
18624,1
18625,4
18626,1
18627,4
18628,1
18629,2
18630,4
18631,4
18632,5
18633,0
18634,5
18635,5
18636,3
18637,1
18638,1
18639,3
18640,1
18641,1
18642,3
18643,2
18644,3
18645,3
18646,3
18647,1
18648,2
18649,1
18650,3
18651,2
18652,3
18653,3
18654,7
18655,7
18656,7
18657,4
18658,6
18659,6
18660,7
18661,7
18662,6
18663,7
18664,6
18665,4
18666,6
18667,3
18668,6
18669,1
18670,3
18671,5
18672,0
18673,6
18674,4
18675,3
18676,2
18677,2
18678,5
18679,2
18680,2
18681,2
18682,0
18683,4
18684,6
18685,3
18686,5
18687,2
18688,3
18689,3
18690,3
18691,6
18692,4
18693,1
18694,5
18695,3
18696,3
18697,2
18698,2
18699,3
18700,5
18701,6
18702,5
18703,5
18704,4
18705,2
18706,5
18707,2
18708,7
18709,2
18710,5
18711,3
18712,4
18713,4
18714,6
18715,6
18716,3
18717,5
18718,7
18719,4
18720,2
18721,5
18722,2
18723,5
18724,6
18725,6
18726,6
18727,7
18728,8
18729,7
18730,8
18731,6
18732,5
18733,7
18734,6
18735,2
18736,4
18737,5
18738,6
18739,6
18740,6
18741,4
18742,5
18743,4
18744,4
18745,1
18746,3
18747,3
18748,4
18749,4
18750,4
18751,6
18752,0
18753,2
18754,2
18755,3
18756,2
18757,3
18758,0
18759,5
18760,6
18761,6
18762,8
18763,2
18764,6
18765,4
18766,4
18767,5
18768,3
18769,4
18770,8
18771,6
18772,5
18773,6
18774,4
18775,2
18776,1
18777,8
18778,5
18779,7
18780,9
18781,6
18782,6
18783,6
18784,1
18785,4
18786,6
18787,5
18788,6
18789,9
18790,3
18791,8
18792,5
18793,2
18794,7
18795,4
18796,6
18797,5
18798,5
18799,2
18800,5
18801,5
18802,5
18803,6
18804,4
18805,5
18806,3
18807,4
18808,2
18809,1
18810,5
18811,6
18812,0
18813,3
18814,3
18815,7
18816,5
18817,1
18818,3
18819,5
18820,1
18821,5
18822,4
18823,4
18824,4
18825,6
18826,6
18827,6
18828,7
18829,1
18830,7
18831,4
18832,1
18833,8
18834,7
18835,7
18836,5
18837,7
18838,8
18839,5
18840,6
18841,6
18842,3
18843,6
18844,6
18845,0
18846,1
18847,2
18848,1
18849,0
18850,0
18851,0
18852,1
18853,1
18854,0
18855,3
18856,2
18857,3
18858,3
18859,1
18860,2
18861,3
18862,3
18863,3
18864,2
18865,8
18866,5
18867,7
18868,4
18869,6
18870,6
18871,7
18872,9
18873,7
18874,6
18875,7
18876,5
18877,9
18878,7
18879,6
18880,9
18881,4
18882,6
18883,4
18884,4
18885,6
18886,7
18887,4
18888,8
18889,3
18890,2
18891,6
18892,3
18893,6
18894,1
18895,0
18896,6
18897,5
18898,4
18899,2
18900,6
18901,4
18902,2
18903,4
18904,3
18905,6
18906,0
18907,0
18908,0
18909,1
18910,1
18911,1
18912,0
18913,0
18914,0
18915,0
18916,4
18917,3
18918,5
18919,1
18920,8
18921,6
18922,0
18923,8
18924,1
18925,4
18926,4
18927,4
18928,4
18929,2
18930,3
18931,4
18932,3
18933,4
18934,7
18935,8
18936,6
18937,4
18938,9
18939,3
18940,2
18941,5
18942,3
18943,6
18944,5
18945,6
18946,6
18947,6
18948,7
18949,4
18950,5
18951,7
18952,9
18953,4
18954,5
18955,5
18956,5
18957,2
18958,5
18959,2
18960,5
18961,4
18962,3
18963,3
18964,2
18965,2
18966,4
18967,4
18968,2
18969,1
18970,1
18971,6
18972,6
18973,8
18974,6
18975,4
18976,5
18977,4
18978,5
18979,4
18980,3
18981,4
18982,3
18983,6
18984,4
18985,8
18986,7
18987,7
18988,7
18989,8
18990,5
18991,1
18992,0
18993,3
18994,5
18995,4
18996,5
18997,5
18998,7
18999,5
19000,6
19001,2
19002,5
19003,4
19004,3
19005,4
19006,3
19007,4
19008,2
19009,6
19010,7
19011,3
19012,4
19013,2
19014,5
19015,5
19016,7
19017,4
19018,2
19019,5
19020,3
19021,4
19022,5
19023,2
19024,6
19025,2
19026,3
19027,3
19028,4
19029,5
19030,2
19031,2
19032,2
19033,5
19034,4
19035,3
19036,3
19037,3
19038,4
19039,4
19040,4
19041,3
19042,4
19043,2
19044,4
19045,6
19046,3
19047,5
19048,2
19049,4
19050,0
19051,3
19052,4
19053,3
19054,3
19055,3
19056,2
19057,2
19058,5
19059,5
19060,4
19061,6
19062,5
19063,8
19064,6
19065,4
19066,3
19067,3
19068,2
19069,3
19070,2
19071,5
19072,4
19073,0
19074,1
19075,6
19076,6
19077,1
19078,1
19079,1
19080,3
19081,1
19082,2
19083,4
19084,3
19085,5
19086,2
19087,0
19088,4
19089,3
19090,2
19091,5
19092,4
19093,0
19094,3
19095,4
19096,2
19097,3
19098,4
19099,3
19100,4
19101,4
19102,0
19103,1
19104,4
19105,3
19106,5
19107,2
19108,0
19109,3
19110,3
19111,3
19112,4
19113,3
19114,3
19115,3
19116,1
19117,1
19118,5
19119,3
19120,3
19121,3
19122,2
19123,3
19124,3
19125,4
19126,2
19127,2
19128,1
19129,2
19130,4
19131,2
19132,3
19133,3
19134,2
19135,5
19136,6
19137,5
19138,1
19139,1
19140,3
19141,7
19142,5
19143,3
19144,1
19145,7
19146,3
19147,4
19148,5
19149,5
19150,5
19151,6
19152,4
19153,6
19154,5
19155,6
19156,6
19157,1
19158,5
19159,7
19160,5
19161,7
19162,6
19163,4
19164,1
19165,2
19166,2
19167,1
19168,4
19169,2
19170,2
19171,4
19172,5
19173,4
19174,4
19175,1
19176,3
19177,3
19178,3
19179,4
19180,5
19181,5
19182,4
19183,3
19184,1
19185,2
19186,2
19187,5
19188,6
19189,7
19190,7
19191,2
19192,3
19193,4
19194,7
19195,5
19196,2
19197,7
19198,5
19199,7
19200,7
19201,6
19202,5
19203,3
19204,5
19205,9
19206,4
19207,3
19208,4
19209,3
19210,6
19211,4
19212,2
19213,5
19214,8
19215,5
19216,3
19217,7
19218,6
19219,7
19220,5
19221,3
19222,7
19223,5
19224,6
19225,6
19226,4
19227,3
19228,2
19229,3
19230,5
19231,3
19232,5
19233,9
19234,7
19235,2
19236,4
19237,4
19238,3
19239,2
19240,4
19241,6
19242,4
19243,7
19244,4
19245,5
19246,6
19247,4
19248,4
19249,3
19250,2
19251,3
19252,1
19253,3
19254,6
19255,6
19256,3
19257,0
19258,3
19259,6
19260,7
19261,4
19262,6
19263,1
19264,6
19265,4
19266,3
19267,5
19268,8
19269,6
19270,4
19271,4
19272,5
19273,3
19274,6
19275,4
19276,4
19277,2
19278,5
19279,7
19280,3
19281,3
19282,4
19283,4
19284,7
19285,5
19286,8
19287,7
19288,4
19289,4
19290,3
19291,6
19292,6
19293,3
19294,8
19295,4
19296,4
19297,5
19298,1
19299,6
19300,3
19301,2
19302,5
19303,2
19304,7
19305,2
19306,4
19307,2
19308,5
19309,4
19310,4
19311,2
19312,5
19313,9
19314,5
19315,4
19316,7
19317,4
19318,3
19319,2
19320,1
19321,2
19322,4
19323,1
19324,4
19325,6
19326,5
19327,6
19328,4
19329,6
19330,2
19331,4
19332,1
19333,2
19334,5
19335,3
19336,5
19337,5
19338,5
19339,3
19340,4
19341,6
19342,2
19343,2
19344,2
19345,5
19346,4
19347,4
19348,4
19349,3
19350,1
19351,2
19352,4
19353,6
19354,9
19355,6
19356,4
19357,6
19358,4
19359,7
19360,3
19361,3
19362,8
19363,5
19364,3
19365,2
19366,2
19367,3
19368,2
19369,5
19370,3
19371,6
19372,6
19373,3
19374,3
19375,5
19376,3
19377,6
19378,2
19379,5
19380,2
19381,5
19382,5
19383,3
19384,1
19385,4
19386,5
19387,6
19388,7
19389,5
19390,3
19391,5
19392,5
19393,4
19394,3
19395,4
19396,3
19397,4
19398,8
19399,5
19400,6
19401,6
19402,5
19403,5
19404,5
19405,4
19406,5
19407,5
19408,7
19409,6
19410,5
19411,4
19412,3
19413,6
19414,6
19415,3
19416,3
19417,4
19418,6
19419,7
19420,5
19421,5
19422,6
19423,4
19424,6
19425,5
19426,2
19427,5
19428,7
19429,7
19430,5
19431,6
19432,3
19433,7
19434,4
19435,3
19436,2
19437,4
19438,5
19439,6
19440,3
19441,4
19442,2
19443,5
19444,3
19445,3
19446,5
19447,7
19448,6
19449,2
19450,7
19451,2
19452,5
19453,1
19454,3
19455,3
19456,4
19457,3
19458,4
19459,4
19460,5
19461,5
19462,7
19463,3
19464,5
19465,6
19466,4
19467,6
19468,4
19469,7
19470,3
19471,4
19472,4
19473,5
19474,6
19475,5
19476,3
19477,6
19478,5
19479,6
19480,1
19481,2
19482,4
19483,8
19484,7
19485,4
19486,7
19487,5
19488,6
19489,5
19490,7
19491,5
19492,4
19493,6
19494,7
19495,5
19496,6
19497,7
19498,8
19499,4
19500,6
19501,6
19502,3
19503,2
19504,2
19505,3
19506,6
19507,4
19508,7
19509,2
19510,4
19511,5
19512,2
19513,6
19514,5
19515,5
19516,3
19517,4
19518,3
19519,6
19520,6
19521,6
19522,7
19523,6
19524,2
19525,3
19526,6
19527,7
19528,7
19529,5
19530,7
19531,6
19532,6
19533,5
19534,6
19535,4
19536,3
19537,5
19538,6
19539,6
19540,5
19541,5
19542,2
19543,3
19544,8
19545,3
19546,4
19547,4
19548,4
19549,5
19550,3
19551,1
19552,7
19553,2
19554,4
19555,5
19556,6
19557,6
19558,3
19559,3
19560,5
19561,4
19562,2
19563,2
19564,5
19565,4
19566,4
19567,5
19568,2
19569,3
19570,6
19571,5
19572,1
19573,7
19574,2
19575,7
19576,7
19577,4
19578,4
19579,2
19580,3
19581,1
19582,7
19583,4
19584,4
19585,2
19586,4
19587,5
19588,5
19589,2
19590,7
19591,6
19592,3
19593,5
19594,5
19595,5
19596,1
19597,1
19598,1
19599,2
19600,4
19601,6
19602,4
19603,4
19604,2
19605,6
19606,4
19607,8
19608,6
19609,5
19610,6
19611,6
19612,6
19613,6
19614,1
19615,4
19616,7
19617,6
19618,4
19619,6
19620,1
19621,3
19622,4
19623,3
19624,3
19625,4
19626,3
19627,3
19628,6
19629,3
19630,6
19631,4
19632,6
19633,3
19634,3
19635,7
19636,6
19637,4
19638,6
19639,6
19640,4
19641,6
19642,5
19643,6
19644,4
19645,4
19646,5
19647,4
19648,6
19649,1
19650,2
19651,3
19652,6
19653,5
19654,5
19655,7
19656,3
19657,5
19658,6
19659,4
19660,5
19661,7
19662,6
19663,6
19664,5
19665,8
19666,3
19667,7
19668,3
19669,4
19670,5
19671,6
19672,5
19673,4
19674,8
19675,8
19676,5
19677,3
19678,6
19679,4
19680,7
19681,5
19682,2
19683,5
19684,8
19685,3
19686,7
19687,5
19688,6
19689,5
19690,8
19691,4
19692,5
19693,7
19694,2
19695,8
19696,7
19697,3
19698,6
19699,4
19700,7
19701,4
19702,3
19703,4
19704,6
19705,6
19706,6
19707,5
19708,3
19709,1
19710,4
19711,5
19712,6
19713,5
19714,4
19715,8
19716,3
19717,3
19718,3
19719,4
19720,5
19721,7
19722,4
19723,4
19724,5
19725,5
19726,0
19727,4
19728,5
19729,5
19730,3
19731,6
19732,3
19733,1
19734,4
19735,5
19736,3
19737,7
19738,3
19739,5
19740,4
19741,4
19742,5
19743,2
19744,4
19745,3
19746,5
19747,5
19748,5
19749,8
19750,8
19751,7
19752,5
19753,6
19754,4
19755,6
19756,4
19757,6
19758,5
19759,6
19760,4
19761,2
19762,1
19763,4
19764,5
19765,4
19766,6
19767,5
19768,5
19769,5
19770,4
19771,7
19772,1
19773,8
19774,4
19775,5
19776,2
19777,2
19778,2
19779,4
19780,6
19781,3
19782,7
19783,4
19784,2
19785,5
19786,5
19787,6
19788,4
19789,3
19790,3
19791,5
19792,8
19793,9
19794,1
19795,5
19796,6
19797,2
19798,4
19799,6
19800,6
19801,7
19802,1
19803,2
19804,1
19805,0
19806,6
19807,6
19808,3
19809,4
19810,6
19811,2
19812,2
19813,9
19814,2
19815,8
19816,7
19817,4
19818,5
19819,4
19820,4
19821,6
19822,4
19823,2
19824,8
19825,4
19826,2
19827,4
19828,3
19829,4
19830,3
19831,6
19832,8
19833,6
19834,4
19835,3
19836,3
19837,6
19838,7
19839,4
19840,3
19841,3
19842,4
19843,1
19844,2
19845,7
19846,4
19847,5
19848,6
19849,8
19850,4
19851,6
19852,2
19853,2
19854,3
19855,2
19856,4
19857,4
19858,1
19859,1
19860,5
19861,5
19862,1
19863,6
19864,5
19865,9
19866,5
19867,5
19868,9
19869,4
19870,3
19871,2
19872,5
19873,3
19874,7
19875,9
19876,3
19877,6
19878,4
19879,8
19880,5
19881,4
19882,5
19883,6
19884,3
19885,6
19886,2
19887,1
19888,3
19889,3
19890,5
19891,4
19892,5
19893,5
19894,4
19895,5
19896,3
19897,3
19898,3
19899,3
19900,7
19901,3
19902,4
19903,6
19904,3
19905,6
19906,4
19907,6
19908,4
19909,3
19910,1
19911,3
19912,6
19913,6
19914,5
19915,3
19916,6
19917,2
19918,8
19919,6
19920,4
19921,5
19922,5
19923,7
19924,5
19925,3
19926,6
19927,4
19928,3
19929,3
19930,4
19931,2
19932,4
19933,4
19934,6
19935,5
19936,4
19937,3
19938,5
19939,7
19940,1
19941,2
19942,4
19943,4
19944,6
19945,2
19946,5
19947,5
19948,4
19949,6
19950,5
19951,4
19952,4
19953,4
19954,4
19955,0
19956,1
19957,6
19958,6
19959,4
19960,5
19961,7
19962,3
19963,7
19964,4
19965,7
19966,1
19967,7
19968,1
19969,6
19970,5
19971,5
19972,7
19973,4
19974,4
19975,6
19976,2
19977,3
19978,7
19979,5
19980,5
19981,5
19982,3
19983,3
19984,6
19985,6
19986,3
19987,6
19988,5
19989,3
19990,1
19991,1
19992,7
19993,7
19994,7
19995,4
19996,4
19997,4
19998,4
19999,3
20000,6
20001,7
20002,7
20003,5
20004,3
20005,7
20006,4
20007,7
20008,6
20009,3
20010,3
20011,5
20012,8
20013,5
20014,4
20015,2
20016,3
20017,5
20018,3
20019,4
20020,3
20021,5
20022,1
20023,5
20024,2
20025,2
20026,7
20027,3
20028,4
20029,2
20030,3
20031,2
20032,4
20033,6
20034,3
20035,5
20036,4
20037,4
20038,2
20039,3
20040,6
20041,5
20042,4
20043,3
20044,5
20045,1
20046,5
20047,6
20048,2
20049,3
20050,7
20051,5
20052,4
20053,3
20054,4
20055,2
20056,4
20057,9
20058,3
20059,7
20060,5
20061,2
20062,2
20063,7
20064,5
20065,7
20066,1
20067,5
20068,5
20069,6
20070,2
20071,5
20072,3
20073,7
20074,3
20075,5
20076,6
20077,3
20078,5
20079,5
20080,4
20081,2
20082,3
20083,3
20084,5
20085,4
20086,7
20087,2
20088,5
20089,5
20090,8
20091,1
20092,6
20093,3
20094,4
20095,2
20096,4
20097,5
20098,8
20099,3
20100,4
20101,5
20102,4
20103,2
20104,5
20105,3
20106,4
20107,5
20108,6
20109,4
20110,5
20111,5
20112,5
20113,5
20114,6
20115,5
20116,3
20117,6
20118,4
20119,5
20120,8
20121,4
20122,6
20123,5
20124,5
20125,3
20126,7
20127,3
20128,6
20129,5
20130,3
20131,7
20132,5
20133,1
20134,9
20135,0
20136,3
20137,3
20138,1
20139,5
20140,5
20141,5
20142,4
20143,8
20144,7
20145,3
20146,4
20147,5
20148,5
20149,6
20150,6
20151,5
20152,2
20153,5
20154,5
20155,7
20156,3
20157,3
20158,5
20159,5
20160,4
20161,5
20162,3
20163,5
20164,5
20165,3
20166,9
20167,5
20168,4
20169,5
20170,5
20171,5
20172,4
20173,6
20174,0
20175,1
20176,5
20177,9
20178,5
20179,6
20180,4
20181,7
20182,3
20183,5
20184,4
20185,2
20186,6
20187,2
20188,2
20189,8
20190,2
20191,4
20192,4
20193,5
20194,5
20195,2
20196,6
20197,6
20198,1
20199,7
20200,5
20201,3
20202,5
20203,6
20204,4
20205,3
20206,4
20207,1
20208,5
20209,7
20210,7
20211,6
20212,4
20213,4
20214,3
20215,4
20216,2
20217,3
20218,7
20219,2
20220,4
20221,4
20222,6
20223,6
20224,3
20225,4
20226,4
20227,5
20228,7
20229,4
20230,4
20231,5
20232,6
20233,6
20234,7
20235,5
20236,4
20237,2
20238,4
20239,4
20240,4
20241,6
20242,3
20243,5
20244,3
20245,7
20246,5
20247,3
20248,6
20249,6
20250,4
20251,2
20252,4
20253,5
20254,4
20255,3
20256,6
20257,6
20258,6
20259,0
20260,4
20261,2
20262,7
20263,6
20264,4
20265,5
20266,6
20267,6
20268,6
20269,3
20270,4
20271,4
20272,5
20273,7
20274,5
20275,8
20276,4
20277,9
20278,6
20279,1
20280,6
20281,5
20282,6
20283,5
20284,1
20285,9
20286,4
20287,4
20288,3
20289,5
20290,4
20291,7
20292,5
20293,3
20294,4
20295,6
20296,4
20297,2
20298,6
20299,7
20300,3
20301,8
20302,7
20303,5
20304,4
20305,3
20306,6
20307,3
20308,7
20309,5
20310,4
20311,4
20312,5
20313,7
20314,3
20315,3
20316,2
20317,1
20318,3
20319,6
20320,2
20321,3
20322,7
20323,2
20324,3
20325,3
20326,2
20327,4
20328,4
20329,4
20330,3
20331,2
20332,2
20333,4
20334,5
20335,3
20336,4
20337,3
20338,6
20339,4
20340,6
20341,3
20342,2
20343,5
20344,6
20345,4
20346,5
20347,7
20348,5
20349,4
20350,4
20351,6
20352,2
20353,4
20354,3
20355,7
20356,5
20357,4
20358,7
20359,4
20360,5
20361,4
20362,6
20363,6
20364,5
20365,2
20366,4
20367,4
20368,5
20369,2
20370,7
20371,7
20372,5
20373,4
20374,3
20375,2
20376,4
20377,6
20378,5
20379,4
20380,8
20381,1
20382,7
20383,7
20384,4
20385,7
20386,5
20387,7
20388,6
20389,1
20390,6
20391,5
20392,3
20393,6
20394,7
20395,3
20396,2
20397,6
20398,4
20399,6
20400,6
20401,1
20402,2
20403,4
20404,0
20405,7
20406,6
20407,7
20408,3
20409,6
20410,5
20411,3
20412,0
20413,3
20414,4
20415,5
20416,4
20417,5
20418,8
20419,5
20420,4
20421,5
20422,8
20423,4
20424,9
20425,7
20426,4
20427,8
20428,6
20429,3
20430,3
20431,4
20432,3
20433,3
20434,4
20435,4
20436,4
20437,3
20438,1
20439,1
20440,6
20441,2
20442,1
20443,4
20444,8
20445,4
20446,8
20447,7
20448,6
20449,4
20450,3
20451,2
20452,5
20453,5
20454,4
20455,2
20456,2
20457,8
20458,3
20459,2
20460,4
20461,3
20462,5
20463,1
20464,4
20465,6
20466,2
20467,4
20468,3
20469,7
20470,4
20471,4
20472,6
20473,9
20474,7
20475,7
20476,9
20477,5
20478,2
20479,5
20480,4
20481,6
20482,2
20483,7
20484,7
20485,3
20486,5
20487,0
20488,5
20489,3
20490,4
20491,2
20492,6
20493,3
20494,5
20495,7
20496,6
20497,5
20498,4
20499,5
20500,5
20501,6
20502,6
20503,6
20504,5
20505,6
20506,2
20507,4
20508,4
20509,3
20510,5
20511,5
20512,8
20513,5
20514,1
20515,2
20516,2
20517,4
20518,5
20519,4
20520,4
20521,4
20522,4
20523,2
20524,4
20525,6
20526,3
20527,6
20528,4
20529,2
20530,3
20531,3
20532,2
20533,7
20534,4
20535,5
20536,3
20537,3
20538,2
20539,3
20540,4
20541,8
20542,4
20543,5
20544,4
20545,4
20546,4
20547,5
20548,4
20549,5
20550,4
20551,4
20552,8
20553,5
20554,5
20555,6
20556,5
20557,6
20558,6
20559,5
20560,6
20561,3
20562,4
20563,8
20564,4
20565,3
20566,4
20567,4
20568,3
20569,8
20570,3
20571,3
20572,4
20573,4
20574,6
20575,7
20576,5
20577,2
20578,3
20579,3
20580,3
20581,3
20582,5
20583,7
20584,1
20585,2
20586,6
20587,5
20588,4
20589,4
20590,3
20591,4
20592,4
20593,2
20594,3
20595,4
20596,3
20597,7
20598,4
20599,3
20600,2
20601,5
20602,6
20603,3
20604,6
20605,3
20606,5
20607,2
20608,3
20609,4
20610,8
20611,6
20612,6
20613,5
20614,8
20615,8
20616,4
20617,5
20618,4
20619,2
20620,4
20621,5
20622,7
20623,5
20624,6
20625,6
20626,2
20627,1
20628,3
20629,6
20630,7
20631,3
20632,4
20633,6
20634,4
20635,4
20636,4
20637,5
20638,7
20639,6
20640,5
20641,7
20642,1
20643,5
20644,1
20645,0
20646,3
20647,7
20648,8
20649,5
20650,1
20651,5
20652,6
20653,5
20654,4
20655,4
20656,1
20657,3
20658,3
20659,6
20660,4
20661,2
20662,5
20663,8
20664,8
20665,3
20666,5
20667,4
20668,6
20669,4
20670,3
20671,2
20672,2
20673,6
20674,0
20675,1
20676,3
20677,7
20678,0
20679,3
20680,4
20681,2
20682,0
20683,5
20684,3
20685,4
20686,6
20687,2
20688,5
20689,7
20690,5
20691,5
20692,5
20693,6
20694,2
20695,4
20696,3
20697,8
20698,4
20699,3
20700,8
20701,3
20702,3
20703,3
20704,7
20705,2
20706,3
20707,5
20708,5
20709,8
20710,7
20711,5
20712,5
20713,4
20714,5
20715,7
20716,4
20717,6
20718,8
20719,5
20720,6
20721,8
20722,6
20723,5
20724,5
20725,3
20726,7
20727,7
20728,3
20729,5
20730,4
20731,1
20732,0
20733,3
20734,3
20735,4
20736,5
20737,4
20738,8
20739,2
20740,4
20741,5
20742,8
20743,4
20744,1
20745,4
20746,4
20747,5
20748,3
20749,2
20750,5
20751,7
20752,3
20753,6
20754,3
20755,3
20756,4
20757,2
20758,6
20759,7
20760,4
20761,3
20762,3
20763,3
20764,6
20765,3
20766,5
20767,3
20768,8
20769,5
20770,7
20771,5
20772,4
20773,2
20774,5
20775,5
20776,2
20777,2
20778,7
20779,6
20780,1
20781,3
20782,4
20783,4
20784,6
20785,3
20786,5
20787,4
20788,6
20789,6
20790,1
20791,2
20792,2
20793,3
20794,5
20795,5
20796,7
20797,5
20798,5
20799,5
20800,8
20801,4
20802,7
20803,2
20804,3
20805,6
20806,3
20807,6
20808,5
20809,2
20810,6
20811,6
20812,9
20813,4
20814,2
20815,3
20816,5
20817,4
20818,5
20819,8
20820,3
20821,3
20822,4
20823,3
20824,5
20825,5
20826,5
20827,8
20828,7
20829,4
20830,3
20831,8
20832,4
20833,5
20834,2
20835,6
20836,7
20837,5
20838,5
20839,4
20840,4
20841,4
20842,3
20843,9
20844,3
20845,4
20846,5
20847,3
20848,5
20849,6
20850,5
20851,7
20852,5
20853,5
20854,4
20855,6
20856,5
20857,2
20858,5
20859,6
20860,5
20861,6
20862,6
20863,8
20864,3
20865,5
20866,4
20867,7
20868,4
20869,3
20870,3
20871,4
20872,4
20873,3
20874,3
20875,4
20876,3
20877,3
20878,4
20879,5
20880,4
20881,5
20882,2
20883,4
20884,1
20885,5
20886,3
20887,2
20888,6
20889,1
20890,6
20891,0
20892,6
20893,5
20894,5
20895,9
20896,5
20897,2
20898,4
20899,4
20900,4
20901,7
20902,2
20903,5
20904,6
20905,7
20906,7
20907,5
20908,8
20909,1
20910,5
20911,5
20912,4
20913,4
20914,6
20915,3
20916,6
20917,1
20918,4
20919,3
20920,4
20921,2
20922,4
20923,6
20924,5
20925,2
20926,8
20927,4
20928,6
20929,8
20930,6
20931,5
20932,3
20933,6
20934,4
20935,5
20936,3
20937,2
20938,3
20939,6
20940,2
20941,4
20942,6
20943,3
20944,8
20945,2
20946,5
20947,6
20948,4
20949,4
20950,5
20951,3
20952,4
20953,6
20954,1
20955,7
20956,4
20957,7
20958,2
20959,5
20960,4
20961,5
20962,4
20963,6
20964,4
20965,5
20966,7
20967,1
20968,4
20969,8
20970,4
20971,3
20972,7
20973,3
20974,1
20975,5
20976,4
20977,4
20978,5
20979,8
20980,4
20981,5
20982,3
20983,6
20984,3
20985,5
20986,3
20987,4
20988,7
20989,4
20990,4
20991,7
20992,5
20993,9
20994,4
20995,9
20996,0
20997,7
20998,6
20999,0
21000,3
21001,6
21002,5
21003,6
21004,3
21005,8
21006,6
21007,6
21008,7
21009,3
21010,4
21011,7
21012,2
21013,8
21014,5
21015,5
21016,6
21017,6
21018,4
21019,4
21020,5
21021,4
21022,6
21023,5
21024,5
21025,5
21026,6
21027,5
21028,4
21029,6
21030,5
21031,6
21032,4
21033,6
21034,5
21035,1
21036,3
21037,1
21038,7
21039,4
21040,5
21041,5
21042,5
21043,5
21044,7
21045,4
21046,6
21047,3
21048,5
21049,4
21050,5
21051,5
21052,3
21053,4
21054,2
21055,5
21056,3
21057,1
21058,7
21059,6
21060,3
21061,7
21062,5
21063,4
21064,4
21065,5
21066,6
21067,4
21068,4
21069,5
21070,5
21071,7
21072,4
21073,7
21074,3
21075,3
21076,4
21077,5
21078,8
21079,7
21080,3
21081,5
21082,6
21083,5
21084,1
21085,5
21086,7
21087,5
21088,7
21089,8
21090,5
21091,6
21092,3
21093,5
21094,7
21095,3
21096,7
21097,4
21098,6
21099,7
21100,7
21101,2
21102,0
21103,9
21104,3
21105,5
21106,5
21107,5
21108,5
21109,4
21110,3
21111,4
21112,0
21113,5
21114,4
21115,4
21116,5
21117,3
21118,5
21119,9
21120,6
21121,5
21122,3
21123,6
21124,4
21125,6
21126,4
21127,1
21128,6
21129,8
21130,7
21131,4
21132,8
21133,3
21134,4
21135,6
21136,2
21137,6
21138,1
21139,7
21140,6
21141,3
21142,3
21143,3
21144,6
21145,6
21146,6
21147,4
21148,5
21149,6
21150,5
21151,6
21152,0
21153,5
21154,2
21155,7
21156,6
21157,4
21158,4
21159,3
21160,4
21161,7
21162,4
21163,3
21164,2
21165,5
21166,7
21167,4
21168,5
21169,1
21170,3
21171,4
21172,6
21173,5
21174,3
21175,5
21176,5
21177,6
21178,5
21179,5
21180,3
21181,0
21182,5
21183,6
21184,6
21185,2
21186,6
21187,3
21188,2
21189,6
21190,6
21191,5
21192,5
21193,8
21194,3
21195,5
21196,4
21197,3
21198,5
21199,4
21200,3
21201,6
21202,2
21203,4
21204,5
21205,6
21206,1
21207,3
21208,6
21209,4
21210,3
21211,2
21212,2
21213,7
21214,1
21215,5
21216,3
21217,3
21218,3
21219,4
21220,4
21221,4
21222,6
21223,3
21224,6
21225,4
21226,3
21227,6
21228,4
21229,5
21230,3
21231,4
21232,4
21233,4
21234,5
21235,3
21236,5
21237,5
21238,4
21239,3
21240,5
21241,6
21242,5
21243,4
21244,5
21245,5
21246,2
21247,5
21248,6
21249,6
21250,5
21251,5
21252,8
21253,7
21254,5
21255,4
21256,7
21257,4
21258,9
21259,4
21260,4
21261,5
21262,7
21263,4
21264,6
21265,2
21266,3
21267,3
21268,4
21269,6
21270,6
21271,2
21272,6
21273,3
21274,1
21275,4
21276,4
21277,5
21278,2
21279,4
21280,4
21281,4
21282,4
21283,3
21284,1
21285,6
21286,4
21287,0
21288,8
21289,1
21290,7
21291,6
21292,4
21293,5
21294,7
21295,5
21296,2
21297,4
21298,6
21299,2
21300,8
21301,7
21302,6
21303,4
21304,8
21305,3
21306,6
21307,7
21308,5
21309,6
21310,0
21311,3
21312,6
21313,2
21314,5
21315,1
21316,5
21317,6
21318,6
21319,3
21320,4
21321,6
21322,7
21323,3
21324,7
21325,6
21326,6
21327,7
21328,3
21329,6
21330,4
21331,4
21332,9
21333,7
21334,4
21335,6
21336,4
21337,6
21338,2
21339,5
21340,4
21341,6
21342,3
21343,5
21344,3
21345,8
21346,5
21347,3
21348,2
21349,4
21350,7
21351,3
21352,4
21353,6
21354,5
21355,0
21356,9
21357,5
21358,6
21359,6
21360,4
21361,5
21362,3
21363,5
21364,1
21365,1
21366,5
21367,0
21368,3
21369,4
21370,3
21371,3
21372,5
21373,8
21374,6
21375,6
21376,6
21377,2
21378,3
21379,5
21380,0
21381,5
21382,5
21383,4
21384,4
21385,6
21386,5
21387,5
21388,5
21389,7
21390,5
21391,1
21392,8
21393,6
21394,4
21395,3
21396,4
21397,6
21398,5
21399,3
21400,1
21401,5
21402,3
21403,7
21404,5
21405,5
21406,5
21407,3
21408,5
21409,2
21410,3
21411,1
21412,6
21413,2
21414,7
21415,4
21416,5
21417,4
21418,7
21419,2
21420,2
21421,2
21422,6
21423,6
21424,4
21425,2
21426,5
21427,7
21428,4
21429,2
21430,2
21431,4
21432,5
21433,5
21434,3
21435,3
21436,4
21437,2
21438,3
21439,1
21440,7
21441,3
21442,3
21443,2
21444,6
21445,6
21446,1
21447,1
21448,3
21449,5
21450,3
21451,0
21452,3
21453,4
21454,3
21455,7
21456,4
21457,2
21458,4
21459,4
21460,4
21461,6
21462,5
21463,2
21464,4
21465,2
21466,8
21467,3
21468,4
21469,1
21470,6
21471,3
21472,7
21473,4
21474,3
21475,5
21476,2
21477,5
21478,8
21479,4
21480,5
21481,3
21482,4
21483,2
21484,5
21485,0
21486,5
21487,5
21488,4
21489,5
21490,4
21491,3
21492,3
21493,8
21494,3
21495,5
21496,2
21497,5
21498,4
21499,4
21500,7
21501,5
21502,2
21503,4
21504,6
21505,5
21506,5
21507,3
21508,5
21509,6
21510,5
21511,6
21512,7
21513,6
21514,3
21515,4
21516,5
21517,5
21518,1
21519,8
21520,8
21521,2
21522,7
21523,9
21524,4
21525,0
21526,6
21527,3
21528,3
21529,7
21530,4
21531,2
21532,4
21533,6
21534,5
21535,3
21536,6
21537,6
21538,6
21539,8
21540,4
21541,7
21542,4
21543,8
21544,6
21545,3
21546,4
21547,7
21548,4
21549,5
21550,7
21551,5
21552,7
21553,3
21554,4
21555,9
21556,7
21557,3
21558,2
21559,3
21560,5
21561,5
21562,4
21563,3
21564,3
21565,5
21566,4
21567,4
21568,6
21569,1
21570,7
21571,5
21572,2
21573,6
21574,6
21575,5
21576,5
21577,7
21578,4
21579,4
21580,4
21581,3
21582,5
21583,6
21584,5
21585,3
21586,8
21587,6
21588,3
21589,2
21590,5
21591,5
21592,4
21593,2
21594,7
21595,3
21596,2
21597,3
21598,7
21599,7
21600,6
21601,4
21602,3
21603,3
21604,1
21605,5
21606,6
21607,0
21608,3
21609,4
21610,3
21611,5
21612,7
21613,6
21614,4
21615,2
21616,1
21617,4
21618,5
21619,6
21620,4
21621,6
21622,3
21623,5
21624,4
21625,3
21626,4
21627,3
21628,3
21629,4
21630,2
21631,2
21632,3
21633,3
21634,6
21635,4
21636,2
21637,6
21638,3
21639,3
21640,4
21641,4
21642,5
21643,3
21644,4
21645,6
21646,4
21647,7
21648,5
21649,6
21650,9
21651,4
21652,3
21653,2
21654,3
21655,1
21656,6
21657,8
21658,8
21659,3
21660,1
21661,8
21662,5
21663,2
21664,9
21665,4
21666,6
21667,3
21668,1
21669,4
21670,6
21671,4
21672,7
21673,5
21674,5
21675,6
21676,3
21677,5
21678,5
21679,4
21680,7
21681,7
21682,2
21683,4
21684,7
21685,1
21686,5
21687,4
21688,5
21689,3
21690,3
21691,2
21692,8
21693,4
21694,6
21695,7
21696,3
21697,6
21698,3
21699,5
21700,5
21701,4
21702,5
21703,8
21704,6
21705,2
21706,8
21707,2
21708,2
21709,4
21710,2
21711,7
21712,4
21713,2
21714,5
21715,7
21716,3
21717,5
21718,6
21719,7
21720,3
21721,4
21722,3
21723,3
21724,6
21725,5
21726,2
21727,8
21728,2
21729,5
21730,6
21731,3
21732,4
21733,4
21734,5
21735,2
21736,3
21737,5
21738,5
21739,6
21740,2
21741,7
21742,4
21743,7
21744,5
21745,5
21746,4
21747,7
21748,5
21749,5
21750,1
21751,3
21752,4
21753,6
21754,2
21755,5
21756,4
21757,3
21758,4
21759,1
21760,4
21761,4
21762,1
21763,5
21764,3
21765,3
21766,2
21767,5
21768,6
21769,5
21770,2
21771,7
21772,6
21773,3
21774,1
21775,2
21776,6
21777,3
21778,5
21779,7
21780,7
21781,8
21782,7
21783,5
21784,5
21785,6
21786,2
21787,4
21788,6
21789,3
21790,2
21791,5
21792,4
21793,1
21794,6
21795,7
21796,5
21797,6
21798,3
21799,6
21800,6
21801,2
21802,4
21803,3
21804,3
21805,4
21806,3
21807,2
21808,2
21809,1
21810,5
21811,5
21812,2
21813,6
21814,5
21815,1
21816,0
21817,5
21818,4
21819,3
21820,4
21821,1
21822,3
21823,4
21824,4
21825,5
21826,4
21827,6
21828,4
21829,3
21830,7
21831,4
21832,2
21833,4
21834,5
21835,4
21836,3
21837,5
21838,0
21839,5
21840,4
21841,2
21842,2
21843,6
21844,2
21845,7
21846,4
21847,4
21848,8
21849,4
21850,0
21851,2
21852,3
21853,6
21854,8
21855,3
21856,5
21857,2
21858,3
21859,5
21860,6
21861,6
21862,7
21863,8
21864,3
21865,6
21866,7
21867,5
21868,2
21869,3
21870,0
21871,6
21872,6
21873,2
21874,6
21875,5
21876,3
21877,6
21878,4
21879,2
21880,1
21881,4
21882,7
21883,7
21884,5
21885,3
21886,6
21887,7
21888,5
21889,4
21890,3
21891,2
21892,4
21893,5
21894,0
21895,8
21896,5
21897,4
21898,2
21899,6
21900,5
21901,4
21902,4
21903,3
21904,4
21905,3
21906,8
21907,8
21908,4
21909,2
21910,5
21911,1
21912,5
21913,2
21914,1
21915,5
21916,5
21917,4
21918,7
21919,4
21920,8
21921,2
21922,5
21923,4
21924,6
21925,4
21926,5
21927,0
21928,4
21929,3
21930,4
21931,5
21932,3
21933,5
21934,2
21935,4
21936,5
21937,2
21938,7
21939,4
21940,3
21941,4
21942,6
21943,6
21944,4
21945,1
21946,4
21947,2
21948,3
21949,5
21950,6
21951,8
21952,5
21953,2
21954,4
21955,3
21956,6
21957,2
21958,5
21959,4
21960,4
21961,2
21962,5
21963,4
21964,5
21965,5
21966,1
21967,1
21968,4
21969,5
21970,2
21971,1
21972,6
21973,8
21974,5
21975,1
21976,4
21977,3
21978,5
21979,2
21980,3
21981,4
21982,3
21983,6
21984,5
21985,4
21986,5
21987,2
21988,6
21989,0
21990,6
21991,6
21992,8
21993,2
21994,8
21995,2
21996,3
21997,3
21998,2
21999,7
22000,5
22001,5
22002,7
22003,4
22004,3
22005,3
22006,3
22007,3
22008,7
22009,4
22010,6
22011,4
22012,4
22013,4
22014,4
22015,3
22016,5
22017,2
22018,5
22019,4
22020,3
22021,4
22022,3
22023,7
22024,6
22025,4
22026,1
22027,3
22028,7
22029,7
22030,6
22031,3
22032,6
22033,6
22034,3
22035,3
22036,7
22037,6
22038,5
22039,3
22040,6
22041,4
22042,3
22043,0
22044,3
22045,4
22046,3
22047,5
22048,0
22049,5
22050,3
22051,4
22052,3
22053,4
22054,7
22055,5
22056,5
22057,7
22058,1
22059,5
22060,4
22061,6
22062,3
22063,0
22064,3
22065,5
22066,7
22067,2
22068,6
22069,6
22070,5
22071,2
22072,5
22073,6
22074,3
22075,6
22076,5
22077,5
22078,4
22079,6
22080,5
22081,5
22082,8
22083,8
22084,5
22085,5
22086,2
22087,6
22088,5
22089,4
22090,5
22091,4
22092,6
22093,1
22094,6
22095,4
22096,3
22097,8
22098,5
22099,5
22100,4
22101,6
22102,5
22103,5
22104,4
22105,5
22106,3
22107,5
22108,5
22109,5
22110,4
22111,8
22112,2
22113,7
22114,6
22115,5
22116,2
22117,5
22118,8
22119,6
22120,2
22121,4
22122,5
22123,5
22124,4
22125,4
22126,6
22127,4
22128,0
22129,5
22130,4
22131,4
22132,7
22133,4
22134,3
22135,4
22136,4
22137,2
22138,4
22139,6
22140,6
22141,4
22142,7
22143,7
22144,2
22145,3
22146,6
22147,6
22148,4
22149,3
22150,5
22151,3
22152,5
22153,3
22154,5
22155,4
22156,7
22157,6
22158,1
22159,5
22160,3
22161,4
22162,6
22163,6
22164,5
22165,3
22166,1
22167,6
22168,8
22169,2
22170,3
22171,7
22172,5
22173,4
22174,6
22175,6
22176,8
22177,5
22178,7
22179,8
22180,0
22181,3
22182,2
22183,6
22184,6
22185,3
22186,7
22187,3
22188,4
22189,7
22190,6
22191,7
22192,5
22193,6
22194,7
22195,6
22196,6
22197,2
22198,4
22199,4
22200,6
22201,3
22202,4
22203,2
22204,5
22205,4
22206,3
22207,4
22208,4
22209,0
22210,4
22211,5
22212,8
22213,5
22214,6
22215,4
22216,4
22217,1
22218,3
22219,4
22220,4
22221,3
22222,6
22223,5
22224,5
22225,5
22226,7
22227,4
22228,3
22229,7
22230,3
22231,5
22232,5
22233,2
22234,5
22235,6
22236,2
22237,5
22238,1
22239,5
22240,6
22241,4
22242,6
22243,1
22244,5
22245,4
22246,1
22247,4
22248,7
22249,4
22250,4
22251,5
22252,7
22253,3
22254,8
22255,5
22256,2
22257,2
22258,6
22259,5
22260,7
22261,7
22262,2
22263,7
22264,5
22265,6
22266,2
22267,4
22268,5
22269,5
22270,3
22271,6
22272,4
22273,4
22274,5
22275,4
22276,4
22277,2
22278,2
22279,1
22280,8
22281,5
22282,6
22283,6
22284,4
22285,7
22286,2
22287,6
22288,2
22289,7
22290,5
22291,6
22292,5
22293,7
22294,2
22295,3
22296,5
22297,4
22298,3
22299,1
22300,3
22301,6
22302,6
22303,3
22304,5
22305,3
22306,6
22307,4
22308,4
22309,9
22310,3
22311,6
22312,3
22313,4
22314,3
22315,5
22316,2
22317,3
22318,2
22319,6
22320,3
22321,4
22322,1
22323,2
22324,3
22325,2
22326,7
22327,5
22328,3
22329,5
22330,5
22331,3
22332,2
22333,5
22334,0
22335,6
22336,5
22337,3
22338,4
22339,6
22340,1
22341,4
22342,8
22343,5
22344,8
22345,4
22346,7
22347,3
22348,3
22349,5
22350,5
22351,2
22352,6
22353,4
22354,2
22355,7
22356,7
22357,5
22358,7
22359,8
22360,5
22361,4
22362,4
22363,6
22364,5
22365,2
22366,5
22367,7
22368,5
22369,3
22370,4
22371,4
22372,5
22373,4
22374,4
22375,3
22376,3
22377,1
22378,5
22379,3
22380,6
22381,5
22382,5
22383,3
22384,3
22385,9
22386,7
22387,3
22388,3
22389,2
22390,4
22391,6
22392,4
22393,4
22394,5
22395,2
22396,4
22397,3
22398,4
22399,3
22400,7
22401,6
22402,4
22403,6
22404,5
22405,4
22406,5
22407,0
22408,4
22409,3
22410,2
22411,3
22412,2
22413,6
22414,2
22415,5
22416,6
22417,5
22418,3
22419,6
22420,7
22421,8
22422,5
22423,4
22424,6
22425,4
22426,4
22427,4
22428,2
22429,5
22430,5
22431,6
22432,6
22433,5
22434,1
22435,1
22436,3
22437,2
22438,4
22439,5
22440,6
22441,7
22442,3
22443,3
22444,4
22445,5
22446,4
22447,4
22448,5
22449,3
22450,9
22451,6
22452,4
22453,3
22454,6
22455,5
22456,6
22457,5
22458,4
22459,6
22460,6
22461,7
22462,1
22463,5
22464,5
22465,6
22466,2
22467,1
22468,7
22469,1
22470,6
22471,1
22472,5
22473,5
22474,4
22475,5
22476,7
22477,4
22478,9
22479,7
22480,7
22481,3
22482,6
22483,6
22484,6
22485,5
22486,6
22487,1
22488,5
22489,5
22490,2
22491,2
22492,6
22493,4
22494,4
22495,7
22496,4
22497,3
22498,4
22499,4
22500,5
22501,6
22502,6
22503,5
22504,4
22505,5
22506,6
22507,4
22508,5
22509,7
22510,7
22511,5
22512,3
22513,6
22514,0
22515,5
22516,5
22517,2
22518,6
22519,6
22520,2
22521,1
22522,3
22523,5
22524,2
22525,7
22526,5
22527,3
22528,3
22529,6
22530,2
22531,3
22532,2
22533,4
22534,7
22535,5
22536,7
22537,5
22538,7
22539,4
22540,4
22541,6
22542,3
22543,1
22544,3
22545,2
22546,6
22547,4
22548,4
22549,7
22550,6
22551,5
22552,4
22553,5
22554,8
22555,3
22556,5
22557,4
22558,1
22559,2
22560,3
22561,6
22562,1
22563,3
22564,4
22565,4
22566,9
22567,5
22568,7
22569,1
22570,4
22571,6
22572,7
22573,5
22574,3
22575,4
22576,4
22577,3
22578,1
22579,3
22580,6
22581,3
22582,4
22583,5
22584,0
22585,2
22586,7
22587,5
22588,6
22589,6
22590,6
22591,3
22592,7
22593,4
22594,3
22595,6
22596,7
22597,6
22598,1
22599,2
22600,6
22601,4
22602,4
22603,5
22604,9
22605,3
22606,4
22607,4
22608,5
22609,3
22610,2
22611,7
22612,6
22613,5
22614,8
22615,5
22616,4
22617,2
22618,6
22619,2
22620,3
22621,3
22622,9
22623,5
22624,2
22625,2
22626,2
22627,1
22628,5
22629,5
22630,1
22631,4
22632,4
22633,6
22634,3
22635,3
22636,3
22637,3
22638,3
22639,4
22640,3
22641,2
22642,6
22643,4
22644,7
22645,4
22646,4
22647,3
22648,4
22649,5
22650,9
22651,6
22652,2
22653,4
22654,6
22655,7
22656,6
22657,1
22658,3
22659,7
22660,6
22661,1
22662,3
22663,5
22664,3
22665,5
22666,7
22667,5
22668,5
22669,5
22670,4
22671,3
22672,4
22673,3
22674,3
22675,4
22676,3
22677,6
22678,5
22679,3
22680,3
22681,3
22682,4
22683,6
22684,4
22685,4
22686,5
22687,3
22688,6
22689,4
22690,6
22691,8
22692,4
22693,5
22694,2
22695,6
22696,7
22697,3
22698,5
22699,5
22700,4
22701,4
22702,3
22703,6
22704,8
22705,8
22706,8
22707,0
22708,5
22709,5
22710,4
22711,2
22712,3
22713,5
22714,3
22715,3
22716,3
22717,5
22718,4
22719,4
22720,2
22721,3
22722,4
22723,7
22724,6
22725,1
22726,6
22727,2
22728,7
22729,8
22730,3
22731,6
22732,4
22733,5
22734,3
22735,5
22736,7
22737,6
22738,2
22739,3
22740,5
22741,4
22742,4
22743,5
22744,6
22745,4
22746,6
22747,3
22748,3
22749,4
22750,3
22751,5
22752,2
22753,3
22754,8
22755,3
22756,7
22757,7
22758,5
22759,3
22760,2
22761,3
22762,0
22763,5
22764,4
22765,0
22766,6
22767,4
22768,5
22769,4
22770,5
22771,5
22772,6
22773,3
22774,4
22775,4
22776,5
22777,6
22778,8
22779,6
22780,7
22781,3
22782,5
22783,2
22784,4
22785,3
22786,1
22787,5
22788,5
22789,6
22790,6
22791,5
22792,4
22793,4
22794,4
22795,2
22796,5
22797,2
22798,4
22799,4
22800,6
22801,2
22802,5
22803,2
22804,4
22805,4
22806,4
22807,7
22808,7
22809,3
22810,4
22811,7
22812,5
22813,6
22814,4
22815,7
22816,5
22817,8
22818,5
22819,5
22820,2
22821,4
22822,3
22823,3
22824,2
22825,4
22826,3
22827,8
22828,6
22829,6
22830,4
22831,6
22832,8
22833,2
22834,2
22835,1
22836,3
22837,6
22838,6
22839,5
22840,4
22841,7
22842,3
22843,4
22844,3
22845,4
22846,8
22847,3
22848,6
22849,5
22850,3
22851,4
22852,3
22853,4
22854,4
22855,0
22856,6
22857,3
22858,4
22859,6
22860,0
22861,4
22862,3
22863,7
22864,5
22865,6
22866,2
22867,2
22868,5
22869,4
22870,2
22871,6
22872,4
22873,2
22874,3
22875,5
22876,5
22877,6
22878,6
22879,7
22880,7
22881,6
22882,4
22883,2
22884,5
22885,4
22886,5
22887,4
22888,4
22889,3
22890,8
22891,5
22892,5
22893,0
22894,5
22895,2
22896,4
22897,5
22898,3
22899,4
22900,5
22901,7
22902,4
22903,3
22904,6
22905,2
22906,4
22907,1
22908,2
22909,4
22910,6
22911,6
22912,5
22913,5
22914,7
22915,4
22916,7
22917,4
22918,3
22919,7
22920,3
22921,5
22922,3
22923,2
22924,1
22925,3
22926,5
22927,5
22928,4
22929,5
22930,5
22931,5
22932,4
22933,5
22934,5
22935,2
22936,6
22937,2
22938,6
22939,2
22940,3
22941,4
22942,5
22943,7
22944,6
22945,4
22946,6
22947,5
22948,3
22949,5
22950,4
22951,3
22952,6
22953,7
22954,2
22955,4
22956,6
22957,5
22958,0
22959,5
22960,4
22961,5
22962,6
22963,5
22964,0
22965,5
22966,7
22967,5
22968,4
22969,6
22970,3
22971,2
22972,4
22973,3
22974,3
22975,4
22976,3
22977,1
22978,6
22979,3
22980,5
22981,3
22982,8
22983,6
22984,7
22985,4
22986,3
22987,5
22988,4
22989,7
22990,5
22991,4
22992,5
22993,0
22994,4
22995,3
22996,5
22997,6
22998,6
22999,7
23000,3
23001,4
23002,4
23003,7
23004,5
23005,2
23006,5
23007,3
23008,2
23009,4
23010,4
23011,2
23012,3
23013,6
23014,3
23015,5
23016,1
23017,0
23018,5
23019,2
23020,4
23021,2
23022,7
23023,8
23024,4
23025,9
23026,6
23027,3
23028,6
23029,6
23030,4
23031,2
23032,4
23033,3
23034,5
23035,5
23036,3
23037,2
23038,7
23039,4
23040,5
23041,7
23042,6
23043,6
23044,3
23045,4
23046,6
23047,6
23048,3
23049,6
23050,7
23051,3
23052,4
23053,5
23054,5
23055,4
23056,5
23057,8
23058,8
23059,9
23060,2
23061,6
23062,4
23063,5
23064,3
23065,3
23066,5
23067,4
23068,4
23069,2
23070,2
23071,5
23072,4
23073,4
23074,2
23075,4
23076,3
23077,4
23078,5
23079,2
23080,4
23081,5
23082,6
23083,1
23084,2
23085,3
23086,1
23087,5
23088,5
23089,2
23090,4
23091,6
23092,6
23093,5
23094,3
23095,5
23096,6
23097,4
23098,6
23099,7
23100,3
23101,7
23102,6
23103,6
23104,4
23105,2
23106,6
23107,5
23108,3
23109,5
23110,5
23111,2
23112,7
23113,2
23114,4
23115,6
23116,3
23117,6
23118,1
23119,4
23120,2
23121,6
23122,9
23123,3
23124,5
23125,3
23126,4
23127,6
23128,4
23129,2
23130,3
23131,3
23132,4
23133,3
23134,4
23135,6
23136,2
23137,6
23138,4
23139,4
23140,1
23141,7
23142,5
23143,0
23144,6
23145,5
23146,0
23147,6
23148,4
23149,3
23150,5
23151,7
23152,5
23153,2
23154,1
23155,1
23156,6
23157,6
23158,4
23159,5
23160,7
23161,5
23162,4
23163,6
23164,5
23165,4
23166,6
23167,6
23168,4
23169,3
23170,5
23171,6
23172,4
23173,6
23174,8
23175,5
23176,7
23177,3
23178,4
23179,3
23180,4
23181,5
23182,1
23183,4
23184,3
23185,4
23186,4
23187,5
23188,3
23189,8
23190,2
23191,4
23192,1
23193,2
23194,2
23195,8
23196,4
23197,1
23198,4
23199,7
23200,2
23201,7
23202,3
23203,6
23204,8
23205,6
23206,4
23207,0
23208,5
23209,2
23210,2
23211,2
23212,4
23213,7
23214,4
23215,2
23216,3
23217,8
23218,2
23219,5
23220,4
23221,3
23222,5
23223,5
23224,7
23225,2
23226,3
23227,5
23228,1
23229,3
23230,4
23231,5
23232,3
23233,3
23234,5
23235,2
23236,3
23237,3
23238,3
23239,2
23240,9
23241,3
23242,5
23243,5
23244,4
23245,7
23246,5
23247,5
23248,3
23249,6
23250,2
23251,3
23252,1
23253,3
23254,5
23255,7
23256,6
23257,5
23258,7
23259,2
23260,2
23261,5
23262,5
23263,6
23264,3
23265,0
23266,4
23267,6
23268,4
23269,5
23270,7
23271,2
23272,4
23273,0
23274,3
23275,4
23276,2
23277,2
23278,5
23279,2
23280,2
23281,4
23282,6
23283,2
23284,4
23285,4
23286,4
23287,3
23288,5
23289,5
23290,5
23291,5
23292,5
23293,3
23294,5
23295,3
23296,4
23297,2
23298,6
23299,3
23300,5
23301,5
23302,2
23303,7
23304,4
23305,4
23306,5
23307,4
23308,5
23309,6
23310,5
23311,7
23312,6
23313,3
23314,4
23315,6
23316,1
23317,4
23318,2
23319,4
23320,3
23321,5
23322,5
23323,6
23324,4
23325,3
23326,6
23327,4
23328,4
23329,6
23330,2
23331,8
23332,5
23333,6
23334,6
23335,6
23336,3
23337,4
23338,4
23339,6
23340,1
23341,6
23342,3
23343,5
23344,5
23345,4
23346,2
23347,3
23348,4
23349,2
23350,7
23351,2
23352,3
23353,4
23354,3
23355,2
23356,6
23357,0
23358,4
23359,3
23360,3
23361,3
23362,3
23363,2
23364,3
23365,2
23366,4
23367,5
23368,6
23369,1
23370,8
23371,6
23372,4
23373,6
23374,3
23375,3
23376,6
23377,4
23378,3
23379,4
23380,5
23381,3
23382,4
23383,3
23384,4
23385,3
23386,5
23387,8
23388,6
23389,4
23390,0
23391,8
23392,5
23393,2
23394,6
23395,2
23396,9
23397,8
23398,5
23399,2
23400,2
23401,6
23402,3
23403,4
23404,7
23405,3
23406,2
23407,4
23408,2
23409,7
23410,5
23411,6
23412,5
23413,7
23414,9
23415,4
23416,3
23417,5
23418,4
23419,1
23420,2
23421,2
23422,4
23423,1
23424,4
23425,6
23426,2
23427,6
23428,3
23429,0
23430,2
23431,1
23432,3
23433,2
23434,6
23435,2
23436,5
23437,4
23438,4
23439,4
23440,5
23441,4
23442,5
23443,5
23444,2
23445,6
23446,6
23447,5
23448,6
23449,6
23450,6
23451,5
23452,6
23453,3
23454,1
23455,2
23456,6
23457,0
23458,8
23459,6
23460,4
23461,2
23462,4
23463,6
23464,7
23465,3
23466,7
23467,3
23468,0
23469,6
23470,7
23471,5
23472,3
23473,1
23474,5
23475,2
23476,2
23477,3
23478,3
23479,3
23480,2
23481,8
23482,4
23483,6
23484,6
